lipkedominic@gmail.com:LtHD2YhT
huger.thomas@gmail.com:Thomas Huger
evflo@live.fr:vero flo
evflo@live.fr:vero flo
didier-camalet@orange.fr:Camalet Didier
fischerjoel@orange.fr:Les  FISCH'S
lesmoreau@sfr.fr:Papou
ddmaryse@hotmail.fr:bancarel a
ddmaryse@hotmail.fr:bancarel a
david.bardaud@gmail.com:Dav
paul.galode@gmail.com:polo
pytaloud@yahoo.fr:Pyt
alixflam@live.be:Alix
pytaloud@yahoo.fr:Pyt & Eve
christophe.geloni@wanadoo.fr:Chris
felixnaixmarieth945@gmail.com:felixnaix
jr@laposte.net:Jérôme
